{
  "project_info": {
    "project_number": "640649261716",
    "firebase_url": "https://e-yantra.firebaseio.com",
    "project_id": "e-yantra",
    "storage_bucket": "e-yantra.appspot.com"
  },
  "client": [
    {
      "client_info": {
        "mobilesdk_app_id": "1:640649261716:android:a3691790a1448c5fb47a81",
        "android_client_info": {
          "package_name": "com.eyantra.hospital"
        }
      },
      "oauth_client": [
        {
          "client_id": "640649261716-a4catbk4drpenhq9ofkc1lfgsgj8t4j0.apps.googleusercontent.com",
          "client_type": 3
        }
      ],
      "api_key": [
        {
          "current_key": "AIzaSyANFEZubQgEwt4fkDA5Vb19L9u6FXolHyw"
        }
      ],
      "services": {
        "appinvite_service": {
          "other_platform_oauth_client": [
            {
              "client_id": "640649261716-a4catbk4drpenhq9ofkc1lfgsgj8t4j0.apps.googleusercontent.com",
              "client_type": 3
            }
          ]
        }
      }
    }
  ],
  "configuration_version": "1"
}